               epoch,      train/box_loss,      train/obj_loss,      train/cls_loss,   metrics/precision,      metrics/recall,     metrics/mAP_0.5,metrics/mAP_0.5:0.95,        val/box_loss,        val/obj_loss,        val/cls_loss,               x/lr0,               x/lr1,               x/lr2
                   0,            0.067739,            0.022874,              0.1035,           0.0039777,             0.82382,            0.014964,           0.0066148,            0.051298,           0.0082405,            0.094038,            0.070201,            0.003311,            0.003311
                   1,            0.047902,            0.018734,            0.090096,             0.88072,            0.040074,            0.039005,            0.018397,            0.041742,           0.0072968,            0.078184,            0.040188,           0.0066311,           0.0066311
                   2,              0.0455,            0.017547,            0.077371,             0.72113,            0.099531,            0.072247,            0.031358,            0.044802,           0.0074852,              0.0652,            0.010162,           0.0099381,           0.0099381
                   3,            0.042982,            0.017422,            0.068199,             0.72941,             0.13815,             0.10894,            0.052965,            0.043421,           0.0074736,            0.056765,           0.0099406,           0.0099406,           0.0099406
                   4,            0.042412,            0.017443,            0.062404,             0.67565,              0.1771,             0.14227,            0.071978,            0.041432,           0.0078118,            0.052744,           0.0099406,           0.0099406,           0.0099406
                   5,            0.041121,            0.017276,            0.057995,             0.66181,             0.21753,             0.17564,            0.087165,            0.043745,           0.0073438,            0.046412,           0.0099208,           0.0099208,           0.0099208
                   6,            0.040617,            0.016956,            0.054607,             0.60448,             0.27531,             0.22851,             0.11472,            0.040132,           0.0070246,            0.041458,            0.009901,            0.009901,            0.009901
